area,archivo,linea,riesgo,es_gate,contexto_rol,usa_helper,patron,codigo
backend,backend/core/rbac/middleware.py,114,ALTO,SI,SI,NO,nombre_legacy:Administrador,"if user.get(""role"") == ""Administrador"":"
backend,backend/core/rbac/middleware.py,174,ALTO,SI,SI,NO,nombre_legacy:Administrador,"if user.get(""role"") == ""Administrador"":"
backend,backend/core/rbac/middleware.py,222,ALTO,SI,SI,NO,nombre_legacy:Administrador,"if user.get(""role"") == ""Administrador"":"
backend,backend/core/security.py,520,ALTO,SI,SI,NO,nombre_legacy:SuperAdministrador,if user.get('role') == 'SuperAdministrador':
backend,backend/core/security.py,528,ALTO,SI,SI,NO,nombre_legacy:Administrador,"if user.get('role') in ['Administrador', 'admin', 'Admin']:"
backend,backend/core/security.py,634,ALTO,SI,SI,NO,nombre_legacy:SuperAdministrador|Administrador,"if user.get('role') in ['SuperAdministrador', 'Administrador']:"
backend,backend/core/security.py,687,ALTO,SI,SI,NO,nombre_legacy:SuperAdministrador|Administrador,"if user.get('role') in ['SuperAdministrador', 'Administrador']:"
backend,backend/core/security.py,821,ALTO,NO,SI,NO,get('rol') [clave-equivocada],"mongo_role = user_mongo.get('role', user_mongo.get('rol'))"
backend,backend/core/server_registry.py,571,ALTO,SI,SI,NO,nombre_legacy:SuperAdministrador|Administrador,"if role in ['SuperAdministrador', 'Administrador']:"
backend,backend/core/server_registry.py,638,ALTO,SI,SI,NO,nombre_legacy:SuperAdministrador|Administrador,"if role not in ['SuperAdministrador', 'Administrador']:"
backend,backend/core/server_registry.py,729,ALTO,SI,SI,NO,nombre_legacy:SuperAdministrador|Administrador,"if role not in ['SuperAdministrador', 'Administrador']:"
backend,backend/migrations/_splice_rbac_endpoints.py,18,ALTO,SI,SI,NO,nombre_legacy:SuperAdministrador,if current_user.get('role') != 'SuperAdministrador':
backend,backend/migrations/_splice_rbac_endpoints.py,36,ALTO,SI,SI,NO,nombre_legacy:SuperAdministrador,if current_user.get('role') != 'SuperAdministrador':
backend,backend/migrations/_splice_rbac_endpoints.py,51,ALTO,SI,SI,NO,nombre_legacy:SuperAdministrador,if current_user.get('role') != 'SuperAdministrador':
backend,backend/migrations/_splice_rbac_endpoints.py,67,ALTO,SI,SI,NO,nombre_legacy:SuperAdministrador,if current_user.get('role') != 'SuperAdministrador':
backend,backend/migrations/_splice_rbac_endpoints.py,87,ALTO,SI,SI,NO,nombre_legacy:SuperAdministrador,if current_user.get('role') != 'SuperAdministrador':
backend,backend/migrations/auditar_hardcodes_rbac.py,41,ALTO,NO,SI,NO,get('rol') [clave-equivocada],"clave_rol_mala = ""current_user.get('rol')"" in line or 'current_user.get(""rol"")' in line"
backend,backend/modules/admin_sql/routes.py,32,ALTO,NO,SI,NO,get('rol') [clave-equivocada],"role = str(user.get(""role"") or user.get(""rol"") or """").upper()"
backend,backend/modules/auth/routes.py,673,ALTO,SI,SI,NO,nombre_legacy:SuperAdministrador|Administrador,"if current_user['role'] not in ['SuperAdministrador', 'Administrador']:"
backend,backend/modules/auth/service.py,301,ALTO,SI,SI,NO,nombre_legacy:SuperAdministrador,if 'role' in user_data and user_data['role'] == 'SuperAdministrador':
backend,backend/modules/auth/service.py,575,ALTO,SI,SI,NO,nombre_legacy:SuperAdministrador,if role == 'SuperAdministrador' and current_level < 100:
backend,backend/modules/catalogos/routes.py,55,ALTO,SI,SI,NO,nombre_legacy:SuperAdministrador|Administrador,"if role in ['Administrador', 'SuperAdministrador']:"
backend,backend/modules/catalogos/routes.py,58,ALTO,SI,SI,NO,nombre_legacy:Supervisor,"if role == 'Supervisor' and permiso in [PERM_SISTEMAS_SOLICITAR, PERM_SISTEMAS_CREAR, PERM_SISTEMAS_EDITAR]:"
backend,backend/modules/comercial/inteligencia_comercial_routes.py,112,ALTO,NO,SI,NO,get('rol') [clave-equivocada],"role = str(current_user.get(""role"") or current_user.get(""rol"") or """").upper()"
backend,backend/modules/costos_margenes/routes.py,88,ALTO,SI,SI,NO,nombre_legacy:SuperAdministrador|Administrador,"if role in ['SuperAdministrador', 'Administrador', 'admin', 'Admin']:"
backend,backend/modules/costos_margenes/routes.py,150,ALTO,SI,SI,NO,nombre_legacy:SuperAdministrador|Administrador,"if role in ['SuperAdministrador', 'Administrador', 'admin', 'Admin']:"
backend,backend/modules/costos_margenes/routes.py,154,ALTO,SI,SI,NO,nombre_legacy:Supervisor|Usuario,"if role in ['Supervisor', 'Comercial', 'Gerente', 'Usuario']:"
backend,backend/modules/costos_margenes/routes_precios.py,70,ALTO,SI,SI,NO,nombre_legacy:SuperAdministrador|Administrador,"if role in ['SuperAdministrador', 'Administrador', 'admin', 'Admin']:"
backend,backend/modules/costos_margenes/routes_precios.py,74,ALTO,SI,SI,NO,nombre_legacy:Supervisor,"if role in ['Gerente', 'Supervisor']:"
backend,backend/modules/costos_margenes/routes_precios.py,94,ALTO,SI,SI,NO,nombre_legacy:Usuario,if role in ['Usuario']:
backend,backend/modules/fase2_operativo/routes/automatizacion_compras_routes.py,102,ALTO,SI,SI,NO,nombre_legacy:Administrador,"if user_role not in [""Administrador"", ""Gerente"", ""Director""]:"
backend,backend/modules/fase2_operativo/routes/automatizacion_compras_routes.py,570,ALTO,SI,SI,NO,nombre_legacy:Administrador,"if user_role not in [""Administrador"", ""Gerente"", ""Director""]:"
backend,backend/modules/finanzas/propinas_tpv/routes_sql.py,363,ALTO,SI,SI,NO,nombre_legacy:Administrador,"if current_user.get('role') not in ['admin', 'superadmin', 'Admin', 'Administrador']:"
backend,backend/modules/finanzas/propinas_tpv/routes_sql.py,395,ALTO,SI,SI,NO,nombre_legacy:Administrador,"if current_user.get('role') not in ['admin', 'superadmin', 'Admin', 'Administrador']:"
backend,backend/modules/rh/service.py,217,ALTO,SI,SI,NO,nombre_legacy:Administrador,if current_user.get('role') != 'Administrador':
backend,backend/server.py,775,ALTO,SI,SI,NO,nombre_legacy:SuperAdministrador|Administrador|Supervisor,"if user_role not in [""SuperAdministrador"", ""Administrador"", ""Supervisor""]:"
backend,backend/server.py,801,ALTO,SI,SI,NO,nombre_legacy:SuperAdministrador|Administrador,"if user_role not in [""SuperAdministrador"", ""Administrador""]:"
backend,backend/server.py,825,ALTO,SI,SI,NO,nombre_legacy:SuperAdministrador|Administrador,"if user_role not in [""SuperAdministrador"", ""Administrador""]:"
backend,backend/server.py,884,ALTO,SI,SI,NO,nombre_legacy:SuperAdministrador|Administrador,"if user_role not in [""SuperAdministrador"", ""Administrador""]:"
backend,backend/server.py,938,ALTO,SI,SI,NO,nombre_legacy:SuperAdministrador|Administrador,"if user_role not in [""SuperAdministrador"", ""Administrador""]:"
backend,backend/server.py,1040,ALTO,SI,SI,NO,nombre_legacy:SuperAdministrador|Administrador,"if user_role not in [""SuperAdministrador"", ""Administrador""]:"
backend,backend/server.py,1105,ALTO,SI,SI,NO,nombre_legacy:SuperAdministrador|Administrador,"if user_role not in [""SuperAdministrador"", ""Administrador""]:"
backend,backend/server.py,1128,ALTO,SI,SI,NO,nombre_legacy:SuperAdministrador|Administrador|Supervisor,"if user_role not in [""SuperAdministrador"", ""Administrador"", ""Supervisor""]:"
backend,backend/server.py,1152,ALTO,SI,SI,NO,nombre_legacy:SuperAdministrador|Administrador|Supervisor,"if user_role not in [""SuperAdministrador"", ""Administrador"", ""Supervisor""]:"
backend,backend/server.py,1175,ALTO,SI,SI,NO,nombre_legacy:SuperAdministrador|Administrador,"if user_role not in [""SuperAdministrador"", ""Administrador""]:"
backend,backend/server.py,1876,ALTO,SI,SI,NO,nombre_legacy:SuperAdministrador|Administrador,"if current_user['role'] not in ['SuperAdministrador', 'Administrador']:"
backend,backend/server.py,1989,ALTO,SI,SI,NO,nombre_legacy:SuperAdministrador|Administrador,"if current_user['role'] not in ['SuperAdministrador', 'Administrador']:"
backend,backend/server.py,2047,ALTO,SI,SI,NO,nombre_legacy:SuperAdministrador|Administrador,"if current_user['role'] not in ['SuperAdministrador', 'Administrador']:"
backend,backend/server.py,14348,ALTO,SI,SI,NO,nombre_legacy:Administrador|Supervisor,"if user_role in ['Supervisor', 'Administrador']:"
backend,backend/server.py,14377,ALTO,SI,SI,NO,nombre_legacy:Administrador|Supervisor,"if user_role in ['Supervisor', 'Administrador']:"
backend,backend/core/auth/user_repository_sql.py,554,MEDIO,NO,SI,NO,nombre_legacy:Usuario,"- role (opcional, default='Usuario')"
backend,backend/core/auth/user_repository_sql.py,571,MEDIO,NO,SI,NO,nombre_legacy:Usuario,"role = user_data.get('role', 'Usuario')"
backend,backend/core/inventory_analysis_core.py,135,MEDIO,NO,SI,NO,nombre_legacy:Administrador,"""role"": ""Administrador"","
backend,backend/core/rbac/middleware.py,315,MEDIO,NO,SI,SI,nombre_legacy:Administrador,"""es_admin"": user.get(""role"") == ""Administrador"","
backend,backend/core/rbac/service.py,49,MEDIO,NO,SI,NO,nombre_legacy:Visor,"""Visor"": ""OPERADOR"",                  # Sin rol específico -> OPERADOR"
backend,backend/modules/auth/repository.py,135,MEDIO,NO,SI,NO,nombre_legacy:Usuario,"role = user.get(""NombreRol"") or user.get(""CodigoRol"") or ""Usuario"""
backend,backend/modules/auth/routes.py,129,MEDIO,NO,SI,NO,nombre_legacy:Usuario,"role = user_data.get(""role"", ""Usuario"")"
backend,backend/modules/auth/routes.py,294,MEDIO,NO,SI,NO,nombre_legacy:Usuario,"role = user_data.get(""role"", ""Usuario"")"
backend,backend/modules/auth/routes.py,516,MEDIO,NO,SI,NO,nombre_legacy:Administrador|Supervisor,"current_user.get('role') in ['Supervisor', 'Administrador'] or"
backend,backend/modules/auth/routes.py,536,MEDIO,NO,SI,NO,nombre_legacy:Administrador|Supervisor,"current_user.get('role') in ['Supervisor', 'Administrador'] or"
backend,backend/modules/auth/routes.py,541,MEDIO,NO,SI,NO,nombre_legacy:Administrador|Supervisor,"current_user.get('role') in ['Supervisor', 'Administrador']"
backend,backend/modules/auth/routes.py,545,MEDIO,NO,SI,NO,nombre_legacy:Administrador|Supervisor,"current_user.get('role') in ['Supervisor', 'Administrador'] or"
backend,backend/modules/auth/routes.py,550,MEDIO,NO,SI,NO,nombre_legacy:Administrador|Supervisor,"current_user.get('role') in ['Supervisor', 'Administrador']"
backend,backend/modules/auth/routes.py,554,MEDIO,NO,SI,NO,nombre_legacy:Administrador|Supervisor,"current_user.get('role') in ['Supervisor', 'Administrador'] or"
backend,backend/modules/auth/routes.py,560,MEDIO,NO,SI,NO,nombre_legacy:Administrador|Supervisor,"current_user.get('role') in ['Supervisor', 'Administrador', 'Director']"
backend,backend/modules/auth/routes.py,564,MEDIO,NO,SI,NO,nombre_legacy:Administrador,current_user.get('role') == 'Administrador'
backend,backend/modules/auth/routes.py,568,MEDIO,NO,SI,NO,nombre_legacy:Administrador|Supervisor,"current_user.get('role') in ['Supervisor', 'Administrador'] or"
backend,backend/modules/auth/routes.py,573,MEDIO,NO,SI,NO,nombre_legacy:Administrador|Supervisor,"current_user.get('role') in ['Supervisor', 'Administrador', 'Gerente', 'Director', 'Auditor']"
backend,backend/modules/auth/routes.py,577,MEDIO,NO,SI,NO,nombre_legacy:Administrador,current_user.get('role') == 'Administrador'
backend,backend/modules/auth/routes.py,581,MEDIO,NO,SI,NO,nombre_legacy:Administrador|Supervisor,"current_user.get('role') in ['Supervisor', 'Administrador']"
backend,backend/modules/auth/routes.py,585,MEDIO,NO,SI,NO,nombre_legacy:Administrador,current_user.get('role') == 'Administrador'
backend,backend/modules/auth/routes.py,589,MEDIO,NO,SI,NO,nombre_legacy:Administrador|Supervisor,"current_user.get('role') in ['Supervisor', 'Administrador']"
backend,backend/modules/auth/routes.py,593,MEDIO,NO,SI,NO,nombre_legacy:Administrador,current_user.get('role') == 'Administrador' or
backend,backend/modules/auth/routes.py,631,MEDIO,NO,SI,NO,nombre_legacy:Usuario,"role: str (opcional, default 'Usuario')"
backend,backend/modules/auth/service.py,163,MEDIO,NO,SI,NO,nombre_legacy:SuperAdministrador,"'SuperAdministrador': 100,  # Rol máximo del sistema"
backend,backend/modules/auth/service.py,568,MEDIO,NO,SI,NO,nombre_legacy:Usuario,"role = user_data.get('role', 'Usuario')"
backend,backend/server.py,3302,MEDIO,NO,SI,NO,nombre_legacy:SuperAdministrador|Administrador,"user_role in ['SuperAdministrador', 'Administrador']"
frontend,frontend/src/components/GestionSolicitudesCatalogo.jsx,44,MEDIO,NO,SI,NO,nombre_legacy:Usuario,const userRole = user.role || 'Usuario';
frontend,frontend/src/components/GestionSolicitudesCatalogo.jsx,110,MEDIO,SI,SI,NO,nombre_legacy:Administrador|Supervisor,if (userRole === 'Supervisor' || userRole === 'Administrador') {
frontend,frontend/src/components/GestionSolicitudesCatalogo.jsx,117,MEDIO,SI,SI,NO,nombre_legacy:Administrador,if (userRole === 'Administrador') {
frontend,frontend/src/components/PropinasTPV.jsx,320,MEDIO,SI,SI,NO,nombre_legacy:Administrador,"return ['admin', 'superadmin', 'Admin', 'Administrador'].includes(userRole);"
frontend,frontend/src/components/TabOperativasCompras.jsx,91,MEDIO,NO,SI,NO,nombre_legacy:Administrador,"const isGerencia = ['Gerente', 'Director', 'Administrador'].includes(userRole);"
frontend,frontend/src/components/TabOperativasCompras.jsx,92,MEDIO,NO,SI,NO,nombre_legacy:Administrador,"const isTesoreria = ['Tesoreria', 'Director', 'Administrador'].includes(userRole);"
frontend,frontend/src/contexts/AuthContext.jsx,77,MEDIO,SI,SI,NO,nombre_legacy:SuperAdministrador|Administrador,if (isPreviewMode() && (serverUser.role === 'SuperAdministrador' || serverUser.role === 'Administrador')) {
frontend,frontend/src/contexts/AuthContext.jsx,145,MEDIO,SI,SI,NO,nombre_legacy:SuperAdministrador|Administrador,if (isPreviewMode() && (userData.role === 'SuperAdministrador' || userData.role === 'Administrador')) {
frontend,frontend/src/contexts/AuthContext.jsx,211,MEDIO,SI,SI,NO,nombre_legacy:SuperAdministrador|Administrador,return user?.role === 'Administrador' || user?.role === 'admin' || user?.role === 'SuperAdministrador';
frontend,frontend/src/pages/AuditoriasProgramadas.jsx,211,MEDIO,NO,SI,NO,nombre_legacy:Administrador|Supervisor,"ver: ['Administrador', 'Supervisor', 'Gerente', 'Director', 'Auditor'].includes(user?.role),"
frontend,frontend/src/pages/AuditoriasProgramadas.jsx,212,MEDIO,NO,SI,NO,nombre_legacy:Administrador,"programar: ['Administrador', 'Gerente', 'Director'].includes(user?.role),"
frontend,frontend/src/pages/AuditoriasProgramadas.jsx,213,MEDIO,NO,SI,NO,nombre_legacy:Administrador,"gestionar: ['Administrador', 'Director'].includes(user?.role),"
frontend,frontend/src/pages/Compras.js,1596,MEDIO,NO,SI,NO,nombre_legacy:Administrador,const puedeEditarDiasObjetivo = currentUser?.role === 'admin' || currentUser?.role === 'Administrador' || currentUser?.role === 'gerente' || currentUser?.permisos?.includes('editar_dias_inventario');
frontend,frontend/src/pages/ConfigAsignaciones.jsx,147,MEDIO,NO,SI,NO,nombre_legacy:SuperAdministrador,const isSuperAdmin = userRole === 'SuperAdministrador';
frontend,frontend/src/pages/ExploradorBD.js,893,MEDIO,NO,SI,NO,nombre_legacy:Administrador,setIsAdmin(user.rol === 'Administrador' || user.email === 'admin@inventario.com' || user.role === 'Administrador');
frontend,frontend/src/pages/ExploradorBD.js,1049,MEDIO,NO,SI,NO,nombre_legacy:Usuario,"'Usuario': ['usuario', 'user', 'empleado', 'personal', 'rrhh', 'nomina', 'colaborador', 'login', 'sesion', 'rol', 'permiso'],"
frontend,frontend/src/pages/Finanzas.js,93,MEDIO,NO,SI,NO,nombre_legacy:Administrador,const isAdmin = user?.role === 'Administrador';
frontend,frontend/src/pages/Layout.js,172,MEDIO,NO,SI,NO,nombre_legacy:Supervisor,"tablero_ejecutivo: isAdmin || role === 'Supervisor',"
frontend,frontend/src/pages/Layout.js,177,MEDIO,NO,SI,NO,nombre_legacy:Supervisor,"finanzas: isAdmin || role === 'Supervisor',"
frontend,frontend/src/pages/Layout.js,178,MEDIO,NO,SI,NO,nombre_legacy:Supervisor,"produccion: isAdmin || role === 'Supervisor',"
frontend,frontend/src/pages/Layout.js,179,MEDIO,NO,SI,NO,nombre_legacy:Supervisor,"recursos_humanos: isAdmin || role === 'Supervisor',"
frontend,frontend/src/pages/Layout.js,180,MEDIO,NO,SI,NO,nombre_legacy:Supervisor,"reportes_bi: isAdmin || role === 'Supervisor',"
frontend,frontend/src/pages/Layout.js,181,MEDIO,NO,SI,NO,nombre_legacy:Supervisor,"catalogos: isAdmin || role === 'Supervisor',"
frontend,frontend/src/pages/Layout.js,182,MEDIO,NO,SI,NO,nombre_legacy:Supervisor,"centro_control: isAdmin || role === 'Supervisor' || role === 'Director',"
frontend,frontend/src/pages/Layout.js,184,MEDIO,NO,SI,NO,nombre_legacy:Supervisor,"programacion: isAdmin || role === 'Supervisor',"
frontend,frontend/src/pages/Layout.js,185,MEDIO,NO,SI,NO,nombre_legacy:Supervisor,"automatizaciones: isAdmin || role === 'Supervisor',"
frontend,frontend/src/pages/Layout.js,187,MEDIO,NO,SI,NO,nombre_legacy:Supervisor,"catalogo_sql: isAdmin || role === 'Supervisor',"
frontend,frontend/src/pages/Layout.js,189,MEDIO,NO,SI,NO,nombre_legacy:Supervisor,"alertas: isAdmin || role === 'Supervisor',"
frontend,frontend/src/pages/Layout.js,192,MEDIO,NO,SI,NO,nombre_legacy:Supervisor,"pos_generico: isAdmin || role === 'Supervisor',"
frontend,frontend/src/pages/Layout.js,193,MEDIO,NO,SI,NO,nombre_legacy:Supervisor,"comandero: isAdmin || role === 'Supervisor',"
frontend,frontend/src/pages/Layout.js,194,MEDIO,NO,SI,NO,nombre_legacy:Supervisor,"edarsa_go: isAdmin || role === 'Supervisor',"
frontend,frontend/src/pages/Layout.js,195,MEDIO,NO,SI,NO,nombre_legacy:Supervisor,"chef_ia: isAdmin || role === 'Supervisor',"
frontend,frontend/src/pages/MisTareas.js,119,MEDIO,NO,SI,NO,nombre_legacy:Administrador,const isAdmin = currentUser?.role === 'Administrador';
frontend,frontend/src/pages/MisTareas.js,120,MEDIO,NO,SI,NO,nombre_legacy:Supervisor,const isSupervisor = currentUser?.role === 'Supervisor';
frontend,frontend/src/pages/Nominas.js,101,MEDIO,NO,SI,NO,nombre_legacy:Administrador,const isAdmin = currentUser?.role === 'Administrador';
frontend,frontend/src/pages/Nominas.js,102,MEDIO,NO,SI,NO,nombre_legacy:Supervisor,const isSupervisor = currentUser?.role === 'Supervisor';
frontend,frontend/src/pages/RecursosHumanos.js,71,MEDIO,NO,SI,NO,nombre_legacy:Administrador,const isAdmin = currentUser?.role === 'Administrador' || currentUser?.role === 'admin';
frontend,frontend/src/pages/RecursosHumanos.js,72,MEDIO,NO,SI,NO,nombre_legacy:Supervisor,const isSupervisor = currentUser?.role === 'Supervisor';
frontend,frontend/src/pages/Scheduler.jsx,219,MEDIO,NO,SI,NO,nombre_legacy:Administrador|Supervisor,"canView: ['Administrador', 'Supervisor', 'Gerente', 'Director', 'Auditor'].includes(user?.role),"
frontend,frontend/src/pages/Scheduler.jsx,220,MEDIO,NO,SI,NO,nombre_legacy:Administrador|Supervisor,"canManage: ['Administrador', 'Supervisor', 'Gerente', 'Director'].includes(user?.role),"
frontend,frontend/src/pages/Scheduler.jsx,221,MEDIO,NO,SI,NO,nombre_legacy:Administrador,"canAdmin: ['Administrador', 'Director'].includes(user?.role),"
frontend,frontend/src/pages/Usuarios.js,94,MEDIO,NO,SI,NO,nombre_legacy:Usuario,"role: 'Usuario',"
frontend,frontend/src/pages/Usuarios.js,550,MEDIO,NO,SI,NO,nombre_legacy:Usuario,"role: 'Usuario',"
frontend,frontend/src/pages/Usuarios.js,1222,MEDIO,NO,SI,NO,nombre_legacy:Administrador,"{role.nombre === 'Administrador' ? <Shield className=""h-5 w-5 text-red-600"" /> :"
frontend,frontend/src/pages/Usuarios.js,1223,MEDIO,NO,SI,NO,nombre_legacy:Supervisor,"role.nombre === 'Supervisor' ? <Eye className=""h-5 w-5 text-blue-600"" /> :"
frontend,frontend/src/portal-inteligencia/App.jsx,191,MEDIO,NO,SI,NO,nombre_legacy:Usuario,"<p className=""text-xs font-medium text-white truncate"">{user?.nombre || 'Usuario'}</p>"
frontend,frontend/src/portal-inteligencia/App.jsx,219,MEDIO,NO,SI,NO,nombre_legacy:Usuario,<span>{user?.email || 'Usuario'}</span>
backend,backend/api/admin_cache.py,242,BAJO,NO,NO,NO,nombre_legacy:SuperAdministrador|Administrador,"CACHE_ADMIN_ROLES = ['SuperAdministrador', 'Administrador']"
backend,backend/api/catalogos_sistemas.py,86,BAJO,NO,NO,NO,nombre_legacy:SuperAdministrador|Administrador|Supervisor,"allowed_roles = ['SuperAdministrador', 'Administrador', 'Gerente', 'Supervisor']"
backend,backend/core/auth/user_repository_sql.py,143,BAJO,NO,NO,NO,nombre_legacy:SuperAdministrador,"'SUPERADMIN': 'SuperAdministrador',"
backend,backend/core/auth/user_repository_sql.py,144,BAJO,NO,NO,NO,nombre_legacy:Administrador,"'ADMIN': 'Administrador',"
backend,backend/core/auth/user_repository_sql.py,145,BAJO,NO,NO,NO,nombre_legacy:Supervisor,"'SUPERVISOR': 'Supervisor',"
backend,backend/core/auth/user_repository_sql.py,146,BAJO,NO,NO,NO,nombre_legacy:Usuario,"'USUARIO': 'Usuario',"
backend,backend/core/auth/user_repository_sql.py,147,BAJO,NO,NO,NO,nombre_legacy:Visor,"'VISOR': 'Visor',"
backend,backend/core/auth/user_repository_sql.py,584,BAJO,NO,NO,NO,nombre_legacy:SuperAdministrador,"'SuperAdministrador': 'SUPERADMIN',"
backend,backend/core/auth/user_repository_sql.py,585,BAJO,NO,NO,NO,nombre_legacy:Administrador,"'Administrador': 'ADMIN',"
backend,backend/core/auth/user_repository_sql.py,586,BAJO,NO,NO,NO,nombre_legacy:Supervisor,"'Supervisor': 'SUPERVISOR',"
backend,backend/core/auth/user_repository_sql.py,587,BAJO,NO,NO,NO,nombre_legacy:Usuario,"'Usuario': 'USUARIO',"
backend,backend/core/auth/user_repository_sql.py,588,BAJO,NO,NO,NO,nombre_legacy:Visor,"'Visor': 'VISOR',"
backend,backend/core/auth/user_repository_sql.py,746,BAJO,NO,NO,NO,nombre_legacy:SuperAdministrador,"'SuperAdministrador': 'SUPERADMIN',"
backend,backend/core/auth/user_repository_sql.py,747,BAJO,NO,NO,NO,nombre_legacy:Administrador,"'Administrador': 'ADMIN',"
backend,backend/core/auth/user_repository_sql.py,748,BAJO,NO,NO,NO,nombre_legacy:Supervisor,"'Supervisor': 'SUPERVISOR',"
backend,backend/core/auth/user_repository_sql.py,749,BAJO,NO,NO,NO,nombre_legacy:Usuario,"'Usuario': 'USUARIO',"
backend,backend/core/auth/user_repository_sql.py,750,BAJO,NO,NO,NO,nombre_legacy:Visor,"'Visor': 'VISOR',"
backend,backend/core/cerebro.py,38,BAJO,NO,NO,NO,nombre_legacy:Administrador,"ADMINISTRADOR = ""Administrador"""
backend,backend/core/cerebro.py,39,BAJO,NO,NO,NO,nombre_legacy:Supervisor,"SUPERVISOR = ""Supervisor"""
backend,backend/core/cerebro.py,40,BAJO,NO,NO,NO,nombre_legacy:Usuario,"USUARIO = ""Usuario"""
backend,backend/core/rbac/service.py,42,BAJO,NO,NO,NO,nombre_legacy:SuperAdministrador,"""SuperAdministrador"": ""SUPERADMIN"",   # Nivel 100, acceso total"
backend,backend/core/rbac/service.py,43,BAJO,NO,NO,NO,nombre_legacy:Administrador,"""Administrador"": ""SUPERADMIN"",        # Administrador completo -> SUPERADMIN"
backend,backend/core/rbac/service.py,44,BAJO,NO,NO,NO,nombre_legacy:Supervisor,"""Supervisor"": ""SUPERVISOR"",           # Nivel 50"
backend,backend/core/rbac/service.py,45,BAJO,NO,NO,NO,nombre_legacy:Usuario,"""Usuario"": ""OPERADOR"",                # Nivel 20"
backend,backend/core/rbac/service.py,125,BAJO,SI,NO,NO,nombre_legacy:SuperAdministrador|Administrador,"if user_role_legacy in (""SuperAdministrador"", ""Administrador""):"
backend,backend/core/rbac_helper_sql.py,140,BAJO,NO,NO,NO,nombre_legacy:SuperAdministrador|Dirección,"Set con nombres de roles (ej: {'SuperAdministrador', 'Dirección'})"
backend,backend/core/rbac_helper_sql.py,282,BAJO,NO,NO,NO,nombre_legacy:SuperAdministrador|Administrador,"['SuperAdministrador','Administrador'] y '== Administrador' (este último"
backend,backend/core/rbac_helper_sql.py,289,BAJO,NO,NO,NO,nombre_legacy:Administrador|Supervisor,"legacy ['Administrador','Supervisor'] (ahora también admite al SUPERADMIN)."""""""
backend,backend/core/security_v2_passive.py,38,BAJO,NO,NO,NO,nombre_legacy:SuperAdministrador,"'SuperAdministrador': 'SUPER_ADMIN',"
backend,backend/core/security_v2_passive.py,39,BAJO,NO,NO,NO,nombre_legacy:Administrador,"'Administrador': 'ADMIN',"
backend,backend/core/security_v2_passive.py,40,BAJO,NO,NO,NO,nombre_legacy:Supervisor,"'Supervisor': 'SUPERVISOR',"
backend,backend/core/security_v2_passive.py,41,BAJO,NO,NO,NO,nombre_legacy:Usuario,"'Usuario': 'OPERADOR',"
backend,backend/core/user_access_context.py,363,BAJO,SI,NO,NO,nombre_legacy:SuperAdministrador,if role_legacy == 'SuperAdministrador' or role_upper == 'SUPERADMIN':
backend,backend/core/user_access_context.py,370,BAJO,SI,NO,NO,nombre_legacy:Administrador,if role_legacy == 'Administrador' or role_upper == 'ADMIN':
backend,backend/migrations/auditar_hardcodes_rbac.py,15,BAJO,NO,NO,NO,nombre_legacy:SuperAdministrador|Administrador|Supervisor|Usuario|Visor,"NOMBRES = (""SuperAdministrador"", ""Administrador"", ""Supervisor"", ""Usuario"", ""Visor"")"
backend,backend/modules/api_connections/universal_test_routes.py,243,BAJO,SI,SI,NO,nombre_legacy:SuperAdministrador,if user_role == 'SuperAdministrador':
backend,backend/modules/api_connections/universal_test_routes.py,266,BAJO,SI,SI,NO,nombre_legacy:Administrador,if user_role == 'Administrador':
backend,backend/modules/auth/context_service.py,313,BAJO,NO,NO,NO,nombre_legacy:Usuario,rol_nombre = rol_info['nombre'] if rol_info else 'Usuario'
backend,backend/modules/auth/context_service.py,398,BAJO,NO,NO,NO,nombre_legacy:Usuario,rol_nombre = rol_info['nombre'] if rol_info else 'Usuario'
backend,backend/modules/auth/repository.py,128,BAJO,NO,NO,NO,nombre_legacy:SuperAdministrador,"# compara mayoritariamente contra el NombreRol legacy ('SuperAdministrador',"
backend,backend/modules/auth/repository.py,129,BAJO,NO,NO,NO,nombre_legacy:Administrador,"# 'Administrador', ...). La migración SQL-First había expuesto el CodigoRol"
backend,backend/modules/auth/schemas.py,21,BAJO,NO,NO,NO,nombre_legacy:Administrador|Supervisor|Usuario,"name: str  # ""Administrador"", ""Supervisor"", ""Usuario"""
backend,backend/modules/auth/schemas.py,134,BAJO,NO,NO,NO,nombre_legacy:Administrador,"""nombre"": ""Administrador"","
backend,backend/modules/auth/schemas.py,140,BAJO,NO,NO,NO,nombre_legacy:Supervisor,"""nombre"": ""Supervisor"","
backend,backend/modules/auth/schemas.py,146,BAJO,NO,NO,NO,nombre_legacy:Usuario,"""nombre"": ""Usuario"","
backend,backend/modules/auth/service.py,155,BAJO,NO,NO,NO,nombre_legacy:SuperAdministrador,# sistema legacy usaba NombreRol (ej. 'SuperAdministrador'). Mapeamos AMBOS a la
backend,backend/modules/auth/service.py,160,BAJO,NO,NO,NO,nombre_legacy:Usuario,"'Usuario': 1,"
backend,backend/modules/auth/service.py,161,BAJO,NO,NO,NO,nombre_legacy:Supervisor,"'Supervisor': 2,"
backend,backend/modules/auth/service.py,162,BAJO,NO,NO,NO,nombre_legacy:Administrador,"'Administrador': 3,"
backend,backend/modules/configuracion/repositories/config_asignaciones_repository.py,222,BAJO,NO,NO,NO,nombre_legacy:Usuario,"usuario = usuarios[0] if usuarios else {""id"": usuario_responsable_id, ""name"": ""Usuario"", ""email"": """"}"
backend,backend/modules/fase2_operativo/routes/notificaciones_routes.py,167,BAJO,NO,NO,NO,nombre_legacy:Usuario,"destinatario_nombre=usuario.get(""name"", ""Usuario"")"
backend,backend/modules/fase2_operativo/services/automatizacion_compras_service.py,255,BAJO,NO,NO,NO,nombre_legacy:Administrador,"roles_permitidos = [""Gerente"", ""Director"", ""Administrador""]"
backend,backend/modules/fase2_operativo/services/automatizacion_compras_service.py,311,BAJO,NO,NO,NO,nombre_legacy:Administrador,"roles_permitidos = [""Tesoreria"", ""Director"", ""Administrador""]"
backend,backend/modules/fase2_operativo/services/automatizacion_compras_service.py,365,BAJO,NO,NO,NO,nombre_legacy:Administrador,"roles_permitidos = [""Gerente"", ""Director"", ""Administrador""]"
backend,backend/modules/fase2_operativo/services/cargos_service.py,796,BAJO,NO,NO,NO,nombre_legacy:Usuario,"responsable_nombre = cargo.get(""responsable_nombre"", ""Usuario"")"
backend,backend/modules/fase2_operativo/services/excel_service.py,318,BAJO,NO,NO,NO,nombre_legacy:Usuario,"""Usuario"", ""Fecha Justificación"""
backend,backend/modules/fase2_operativo/services/orquestador_service.py,308,BAJO,NO,NO,NO,nombre_legacy:Usuario,"""nombre"": usuario.get(""name"", usuario.get(""email"", ""Usuario"")),"
backend,backend/modules/finanzas/cuentas_bancarias.py,69,BAJO,NO,NO,NO,nombre_legacy:SuperAdministrador,"roles_admin = ['superadmin', 'SuperAdministrador', 'admin', 'Director Finanzas']"
backend,backend/modules/finanzas/saldos_bancarios.py,65,BAJO,NO,NO,NO,nombre_legacy:SuperAdministrador,"roles_admin = ['superadmin', 'SuperAdministrador', 'admin', 'Director Finanzas']"
backend,backend/modules/manuales_operativos/service.py,237,BAJO,NO,NO,NO,nombre_legacy:Usuario,"usuario_nombre=usuarios.get(uid, ""Usuario""),"
backend,backend/modules/manuales_operativos/triggers.py,109,BAJO,NO,NO,NO,nombre_legacy:Usuario,"usuarios[u[""id""]] = u.get(""full_name"") or u.get(""email"", ""Usuario"")"
backend,backend/modules/manuales_operativos/triggers.py,231,BAJO,NO,NO,NO,nombre_legacy:Usuario,"usuarios[u[""id""]] = u.get(""full_name"") or u.get(""email"", ""Usuario"")"
backend,backend/routes/portal_proveedores.py,47,BAJO,NO,NO,NO,nombre_legacy:SuperAdministrador|Administrador,"ADMIN_ROLES = ['SuperAdministrador', 'Administrador', 'SUPERADMIN', 'ADMIN', 'ADMINISTRADOR']"
backend,backend/server.py,1260,BAJO,NO,NO,NO,nombre_legacy:Administrador|Supervisor|Usuario,"name: str  # ""Administrador"", ""Supervisor"", ""Usuario"""
backend,backend/server.py,14363,BAJO,NO,NO,NO,nombre_legacy:Usuario,"""solicitante"": sol.get(""solicitante_nombre"", ""Usuario""),"
backend,backend/server.py,14415,BAJO,NO,NO,NO,nombre_legacy:Administrador,"""Administrador"": [""headcount"", ""incidencias"", ""validacion_rh"", ""maquilador"", ""autorizacion"", ""tesoreria""],"
backend,backend/server.py,14416,BAJO,NO,NO,NO,nombre_legacy:Supervisor,"""Supervisor"": [""headcount"", ""incidencias"", ""validacion_rh"", ""autorizacion""],"
backend,backend/server.py,14577,BAJO,NO,NO,NO,nombre_legacy:Administrador|Supervisor,"""Gerencia"": [""Administrador"", ""Supervisor""],"
backend,backend/server.py,14578,BAJO,NO,NO,NO,nombre_legacy:Administrador|Supervisor,"""RH"": [""Administrador"", ""Supervisor""],"
backend,backend/server.py,14579,BAJO,NO,NO,NO,nombre_legacy:Administrador|Supervisor,"""Maquilador"": [""Administrador"", ""Supervisor"", ""Maquilador""],"
backend,backend/server.py,14580,BAJO,NO,NO,NO,nombre_legacy:Administrador,"""Tesorería"": [""Administrador"", ""Tesoreria""],"
backend,backend/server.py,14581,BAJO,NO,NO,NO,nombre_legacy:Administrador,"""Sistema"": [""Administrador""]"
backend,backend/tests/test_auth_mocks.py,37,BAJO,NO,SI,NO,nombre_legacy:Administrador,"""role"": ""Administrador"","
backend,backend/tests/test_auth_mocks.py,100,BAJO,SI,SI,NO,nombre_legacy:Administrador|Supervisor|Usuario,"assert user[""role""] in [""Administrador"", ""Supervisor"", ""Usuario""]"
backend,backend/tests/test_auth_service.py,35,BAJO,NO,SI,NO,nombre_legacy:Usuario,"role=""Usuario"""
backend,backend/tests/test_auth_service.py,60,BAJO,NO,SI,NO,nombre_legacy:Usuario,"role=""Usuario"""
backend,backend/tests/test_auth_service.py,91,BAJO,NO,SI,NO,nombre_legacy:Usuario,"""role"": ""Usuario"","
backend,backend/tests/test_auth_service.py,114,BAJO,NO,SI,NO,nombre_legacy:Usuario,"""role"": ""Usuario"","
backend,backend/tests/test_auth_service.py,150,BAJO,NO,SI,NO,nombre_legacy:Usuario,"""role"": ""Usuario"","
backend,backend/tests/test_auth_service.py,170,BAJO,NO,SI,NO,nombre_legacy:Administrador,"admin_user = {""role"": ""Administrador"", ""id"": ""admin-1""}"
backend,backend/tests/test_auth_service.py,188,BAJO,NO,SI,NO,nombre_legacy:Usuario,"regular_user = {""role"": ""Usuario"", ""id"": ""user-1""}"
backend,backend/tests/test_auth_service.py,205,BAJO,NO,SI,NO,nombre_legacy:Administrador,"admin_user = {""role"": ""Administrador"", ""id"": ""admin-1""}"
backend,backend/tests/test_auth_service.py,220,BAJO,NO,SI,NO,nombre_legacy:Usuario,"regular_user = {""role"": ""Usuario"", ""id"": ""user-1""}"
backend,backend/tests/test_auth_service.py,233,BAJO,NO,SI,NO,nombre_legacy:Administrador,"admin_user = {""role"": ""Administrador"", ""id"": ""admin-1""}"
backend,backend/tests/test_auth_service.py,259,BAJO,NO,SI,NO,nombre_legacy:Administrador,"admin_user = {""role"": ""Administrador"", ""id"": ""admin-1""}"
backend,backend/tests/test_auth_service.py,275,BAJO,NO,SI,NO,nombre_legacy:Supervisor,"regular_user = {""role"": ""Supervisor"", ""id"": ""sup-1""}"
backend,backend/tests/test_auth_service.py,292,BAJO,NO,SI,NO,nombre_legacy:Administrador,"admin_user = {""role"": ""Administrador"", ""id"": ""admin-1""}"
backend,backend/tests/test_auth_service.py,312,BAJO,NO,SI,NO,nombre_legacy:Administrador,"admin_user = {""role"": ""Administrador"", ""id"": ""admin-1""}"
backend,backend/tests/test_auth_service.py,332,BAJO,NO,SI,NO,nombre_legacy:Administrador,"admin_user = {""role"": ""Administrador"", ""id"": ""admin-1""}"
backend,backend/tests/test_auth_service.py,336,BAJO,NO,SI,NO,nombre_legacy:Administrador,"{""id"": ""role-1"", ""nombre"": ""Administrador""},"
backend,backend/tests/test_auth_service.py,337,BAJO,NO,SI,NO,nombre_legacy:Usuario,"{""id"": ""role-2"", ""nombre"": ""Usuario""}"
backend,backend/tests/test_auth_service.py,350,BAJO,NO,SI,NO,nombre_legacy:Administrador,"admin_user = {""role"": ""Administrador"", ""id"": ""admin-1""}"
backend,backend/tests/test_auth_service.py,355,BAJO,NO,SI,NO,nombre_legacy:Administrador,"{""id"": ""role-1"", ""nombre"": ""Administrador""},"
backend,backend/tests/test_auth_service.py,356,BAJO,NO,SI,NO,nombre_legacy:Supervisor,"{""id"": ""role-2"", ""nombre"": ""Supervisor""},"
backend,backend/tests/test_auth_service.py,357,BAJO,NO,SI,NO,nombre_legacy:Usuario,"{""id"": ""role-3"", ""nombre"": ""Usuario""}"
backend,backend/tests/test_auth_service.py,371,BAJO,NO,SI,NO,nombre_legacy:Administrador,"admin_user = {""role"": ""Administrador"", ""id"": ""admin-1""}"
backend,backend/tests/test_auth_service.py,388,BAJO,NO,SI,NO,nombre_legacy:Administrador,"admin_user = {""role"": ""Administrador"", ""id"": ""admin-1""}"
backend,backend/tests/test_auth_service.py,404,BAJO,NO,SI,NO,nombre_legacy:Administrador,"admin_user = {""role"": ""Administrador"", ""id"": ""admin-1""}"
backend,backend/tests/test_auth_service.py,425,BAJO,NO,SI,NO,nombre_legacy:Administrador,"admin_user = {""role"": ""Administrador"", ""id"": ""admin-1""}"
backend,backend/tests/test_auth_service.py,430,BAJO,NO,NO,NO,nombre_legacy:Administrador,"""nombre"": ""Administrador"","
backend,backend/tests/test_auth_service.py,445,BAJO,NO,SI,NO,nombre_legacy:Administrador,"admin_user = {""role"": ""Administrador"", ""id"": ""admin-1""}"
backend,backend/tests/test_catalogos_rrhh.py,66,BAJO,SI,SI,NO,nombre_legacy:Administrador,"assert data[""user""][""role""] in [""Administrador"", ""admin""], f""Expected admin role, got {data['user']['role']}"""
backend,backend/tests/test_config_asignaciones.py,79,BAJO,SI,SI,NO,nombre_legacy:SuperAdministrador,"assert data[""user""][""role""] == ""SuperAdministrador"""
backend,backend/tests/test_config_asignaciones.py,413,BAJO,NO,SI,NO,nombre_legacy:SuperAdministrador,"superadmin = next((u for u in users if u[""role""] == ""SuperAdministrador""), None)"
backend,backend/tests/test_core_security.py,94,BAJO,NO,SI,NO,nombre_legacy:Usuario,"token = create_token(""user-123"", ""test@test.com"", ""Usuario"")"
backend,backend/tests/test_core_security.py,104,BAJO,NO,SI,NO,nombre_legacy:Administrador,"token = create_token(""user-123"", ""test@test.com"", ""Administrador"")"
backend,backend/tests/test_core_security.py,121,BAJO,NO,SI,NO,nombre_legacy:Supervisor,"role = ""Supervisor"""
backend,backend/tests/test_core_security.py,135,BAJO,NO,SI,NO,nombre_legacy:Usuario,"token = create_token(""user-123"", ""test@test.com"", ""Usuario"")"
backend,backend/tests/test_core_security.py,154,BAJO,NO,SI,NO,nombre_legacy:Usuario,"token = create_token(""user-123"", ""test@test.com"", ""Usuario"")"
backend,backend/tests/test_core_security.py,167,BAJO,NO,SI,NO,nombre_legacy:Usuario,"{""user_id"": ""fake"", ""email"": ""fake@fake.com"", ""role"": ""Usuario"", ""exp"": datetime.now(timezone.utc) + timedelta(hours=1)},"
backend,backend/tests/test_core_security.py,185,BAJO,NO,SI,NO,nombre_legacy:Usuario,"{""user_id"": ""user"", ""email"": ""test@test.com"", ""role"": ""Usuario"", ""exp"": datetime.now(timezone.utc) - timedelta(hours=1)},"
backend,backend/tests/test_core_security.py,228,BAJO,NO,SI,NO,nombre_legacy:Administrador,"""role"": ""Administrador"","
backend,backend/tests/test_core_security.py,242,BAJO,NO,SI,NO,nombre_legacy:Usuario,"""role"": ""Usuario"","
backend,backend/tests/test_core_security.py,256,BAJO,NO,SI,NO,nombre_legacy:Usuario,"""role"": ""Usuario"","
backend,backend/tests/test_core_security.py,270,BAJO,NO,SI,NO,nombre_legacy:Supervisor,"""role"": ""Supervisor"","
backend,backend/tests/test_core_security.py,285,BAJO,NO,SI,NO,nombre_legacy:Usuario,"""role"": ""Usuario"","
backend,backend/tests/test_core_security.py,300,BAJO,NO,SI,NO,nombre_legacy:Administrador,"admin = {""role"": ""Administrador"", ""allowed_servers"": []}"
backend,backend/tests/test_core_security.py,317,BAJO,NO,SI,NO,nombre_legacy:Usuario,"user = {""role"": ""Usuario"", ""allowed_servers"": [""s1"", ""s3""]}"
backend,backend/tests/test_core_security.py,335,BAJO,NO,SI,NO,nombre_legacy:Usuario,"user = {""role"": ""Usuario"", ""allowed_servers"": [""s1""]}"
backend,backend/tests/test_inventory_analysis_filters.py,41,BAJO,SI,SI,NO,nombre_legacy:Administrador,"assert data[""user""][""role""] == ""Administrador"""
backend,backend/tests/test_permissions_v5.py,43,BAJO,SI,SI,NO,nombre_legacy:Administrador,"assert data[""user""][""role""] == ""Administrador"""
backend,backend/tests/test_rbac_fase11_post_endpoints.py,60,BAJO,SI,SI,NO,nombre_legacy:SuperAdministrador,"assert data[""user""][""role""] == ""SuperAdministrador"", f""Expected SuperAdministrador, got {data['user']['role']}"""
backend,backend/tests/test_rbac_fase11_post_endpoints.py,72,BAJO,SI,SI,NO,nombre_legacy:Administrador,"assert data[""user""][""role""] == ""Administrador"", f""Expected Administrador, got {data['user']['role']}"""
backend,backend/tests/test_rbac_fase11_post_endpoints.py,84,BAJO,SI,SI,NO,nombre_legacy:Usuario,"assert data[""user""][""role""] == ""Usuario"", f""Expected Usuario, got {data['user']['role']}"""
backend,backend/tests/test_rbac_fase11_post_endpoints.py,94,BAJO,NO,SI,NO,nombre_legacy:Usuario,"""role"": ""Usuario""  # Required field per schema"
backend,backend/tests/test_rbac_fase11_post_endpoints.py,145,BAJO,NO,SI,NO,nombre_legacy:Usuario,"""role"": ""Usuario"""
backend,backend/tests/test_rbac_fase11_post_endpoints.py,165,BAJO,NO,SI,NO,nombre_legacy:Usuario,"""role"": ""Usuario"""
backend,backend/tests/test_rbac_fase11_post_endpoints.py,184,BAJO,NO,SI,NO,nombre_legacy:Usuario,"""role"": ""Usuario"""
backend,backend/tests/test_rbac_fase11_post_endpoints.py,200,BAJO,NO,SI,NO,nombre_legacy:Usuario,"""role"": ""Usuario"""
backend,backend/tests/test_rbac_fase2d.py,159,BAJO,NO,NO,NO,nombre_legacy:Administrador,"""usuario_rol"": ""Administrador"","
backend,backend/tests/test_rbac_fase2d.py,175,BAJO,NO,NO,NO,nombre_legacy:Usuario,"""usuario_rol"": ""Usuario"","
backend,backend/tests/test_rbac_fase2d.py,191,BAJO,NO,NO,NO,nombre_legacy:Usuario,"""usuario_rol"": ""Usuario"","
backend,backend/tests/test_rbac_fase2d.py,207,BAJO,NO,NO,NO,nombre_legacy:Usuario,"""usuario_rol"": ""Usuario"","
backend,backend/tests/test_rbac_fase2d.py,271,BAJO,NO,NO,NO,nombre_legacy:Usuario,"""usuario_rol"": ""Usuario"","
backend,backend/tests/test_rbac_fase2d.py,287,BAJO,NO,NO,NO,nombre_legacy:Usuario,"""usuario_rol"": ""Usuario"","
backend,backend/tests/test_rbac_helper.py,22,BAJO,NO,SI,NO,nombre_legacy:Administrador,# role = NombreRol 'Administrador' -> 'ADMINISTRADOR' en BYPASS_ROLES
backend,backend/tests/test_rbac_helper.py,23,BAJO,NO,SI,NO,nombre_legacy:Administrador,"r = asyncio.run(verificar_permiso_rbac({""role"": ""Administrador"", ""UsuarioID"": 1}, ""SISTEMA_USUARIOS_VER""))"
backend,backend/tests/test_rbac_helper.py,33,BAJO,SI,SI,NO,nombre_legacy:SuperAdministrador,"assert _extract_role({""role"": ""SuperAdministrador""}) == ""SUPERADMINISTRADOR"""
backend,backend/tests/test_rbac_helpers_canonicos.py,6,BAJO,NO,NO,NO,nombre_legacy:Administrador|Supervisor,"al SUPERADMIN en gates '== Administrador' / ['Administrador','Supervisor']."
backend,backend/tests/test_rbac_helpers_canonicos.py,21,BAJO,SI,SI,SI,nombre_legacy:SuperAdministrador,"assert get_role_code({""role"": ""SuperAdministrador""}) == ""SUPERADMIN"""
backend,backend/tests/test_rbac_helpers_canonicos.py,23,BAJO,SI,SI,SI,nombre_legacy:Administrador,"assert get_role_code({""role"": ""Administrador""}) == ""ADMIN"""
backend,backend/tests/test_rbac_helpers_canonicos.py,25,BAJO,SI,SI,SI,nombre_legacy:Supervisor,"assert get_role_code({""role"": ""Supervisor""}) == ""SUPERVISOR"""
backend,backend/tests/test_rbac_helpers_canonicos.py,26,BAJO,SI,SI,SI,nombre_legacy:Usuario,"assert get_role_code({""role"": ""Usuario""}) == ""USUARIO"""
backend,backend/tests/test_rbac_helpers_canonicos.py,27,BAJO,SI,SI,SI,nombre_legacy:Visor,"assert get_role_code({""role"": ""Visor""}) == ""VISOR"""
backend,backend/tests/test_rbac_helpers_canonicos.py,32,BAJO,SI,SI,SI,nombre_legacy:SuperAdministrador,"assert es_superadmin({""role"": ""SuperAdministrador""})"
backend,backend/tests/test_rbac_helpers_canonicos.py,34,BAJO,SI,SI,SI,nombre_legacy:Administrador,"assert not es_superadmin({""role"": ""Administrador""})"
backend,backend/tests/test_rbac_helpers_canonicos.py,35,BAJO,SI,SI,SI,nombre_legacy:Supervisor,"assert not es_superadmin({""role"": ""Supervisor""})"
backend,backend/tests/test_rbac_helpers_canonicos.py,39,BAJO,SI,SI,SI,nombre_legacy:SuperAdministrador,"assert es_admin({""role"": ""SuperAdministrador""})   # superadmin pasa gates admin"
backend,backend/tests/test_rbac_helpers_canonicos.py,40,BAJO,SI,SI,SI,nombre_legacy:Administrador,"assert es_admin({""role"": ""Administrador""})"
backend,backend/tests/test_rbac_helpers_canonicos.py,41,BAJO,SI,SI,SI,nombre_legacy:Supervisor,"assert not es_admin({""role"": ""Supervisor""})"
backend,backend/tests/test_rbac_helpers_canonicos.py,42,BAJO,SI,SI,SI,nombre_legacy:Usuario,"assert not es_admin({""role"": ""Usuario""})"
backend,backend/tests/test_rbac_helpers_canonicos.py,43,BAJO,SI,SI,SI,nombre_legacy:Visor,"assert not es_admin({""role"": ""Visor""})"
backend,backend/tests/test_rbac_helpers_canonicos.py,47,BAJO,SI,SI,SI,nombre_legacy:SuperAdministrador,"assert es_supervisor_o_superior({""role"": ""SuperAdministrador""})"
backend,backend/tests/test_rbac_helpers_canonicos.py,48,BAJO,SI,SI,SI,nombre_legacy:Administrador,"assert es_supervisor_o_superior({""role"": ""Administrador""})"
backend,backend/tests/test_rbac_helpers_canonicos.py,49,BAJO,SI,SI,SI,nombre_legacy:Supervisor,"assert es_supervisor_o_superior({""role"": ""Supervisor""})"
backend,backend/tests/test_rbac_helpers_canonicos.py,50,BAJO,SI,SI,SI,nombre_legacy:Usuario,"assert not es_supervisor_o_superior({""role"": ""Usuario""})"
backend,backend/tests/test_rbac_helpers_canonicos.py,51,BAJO,SI,SI,SI,nombre_legacy:Visor,"assert not es_supervisor_o_superior({""role"": ""Visor""})"
backend,backend/tests/test_rbac_helpers_canonicos.py,63,BAJO,SI,SI,SI,nombre_legacy:SuperAdministrador,"assert es_superadmin({""rol"": ""SuperAdministrador""})"
backend,backend/tests/test_rbac_p1_hardening_gates.py,27,BAJO,SI,SI,SI,nombre_legacy:SuperAdministrador,"assert get_role_code({""role"": ""SuperAdministrador""}) == ""SUPERADMIN"""
backend,backend/tests/test_rbac_p1_hardening_gates.py,28,BAJO,SI,SI,SI,nombre_legacy:Administrador,"assert get_role_code({""role"": ""Administrador""}) == ""ADMIN"""
backend,backend/tests/test_rbac_p1_hardening_gates.py,29,BAJO,SI,SI,SI,nombre_legacy:Supervisor,"assert get_role_code({""role"": ""Supervisor""}) == ""SUPERVISOR"""
backend,backend/tests/test_rbac_p1_hardening_gates.py,31,BAJO,SI,SI,SI,nombre_legacy:Usuario,"assert get_role_code({""role"": ""Usuario""}) == ""USUARIO"""
backend,backend/tests/test_rbac_p1_hardening_gates.py,35,BAJO,SI,SI,SI,nombre_legacy:SuperAdministrador,"assert es_superadmin({""role"": ""SuperAdministrador""}) is True"
backend,backend/tests/test_rbac_p1_hardening_gates.py,36,BAJO,SI,SI,SI,nombre_legacy:Administrador,"assert es_superadmin({""role"": ""Administrador""}) is False"
backend,backend/tests/test_rbac_p1_hardening_gates.py,37,BAJO,SI,SI,SI,nombre_legacy:Supervisor,"assert es_superadmin({""role"": ""Supervisor""}) is False"
backend,backend/tests/test_rbac_p1_hardening_gates.py,41,BAJO,SI,SI,SI,nombre_legacy:SuperAdministrador,"assert es_admin({""role"": ""SuperAdministrador""}) is True"
backend,backend/tests/test_rbac_p1_hardening_gates.py,42,BAJO,SI,SI,SI,nombre_legacy:Administrador,"assert es_admin({""role"": ""Administrador""}) is True"
backend,backend/tests/test_rbac_p1_hardening_gates.py,43,BAJO,SI,SI,SI,nombre_legacy:Supervisor,"assert es_admin({""role"": ""Supervisor""}) is False"
backend,backend/tests/test_rbac_p1_hardening_gates.py,44,BAJO,SI,SI,SI,nombre_legacy:Usuario,"assert es_admin({""role"": ""Usuario""}) is False"
backend,backend/tests/test_rbac_p1_hardening_gates.py,48,BAJO,SI,SI,SI,nombre_legacy:SuperAdministrador,"assert es_supervisor_o_superior({""role"": ""SuperAdministrador""}) is True"
backend,backend/tests/test_rbac_p1_hardening_gates.py,49,BAJO,SI,SI,SI,nombre_legacy:Administrador,"assert es_supervisor_o_superior({""role"": ""Administrador""}) is True"
backend,backend/tests/test_rbac_p1_hardening_gates.py,50,BAJO,SI,SI,SI,nombre_legacy:Supervisor,"assert es_supervisor_o_superior({""role"": ""Supervisor""}) is True"
backend,backend/tests/test_rbac_p1_hardening_gates.py,51,BAJO,SI,SI,SI,nombre_legacy:Usuario,"assert es_supervisor_o_superior({""role"": ""Usuario""}) is False"
backend,backend/tests/test_rbac_p1_hardening_gates.py,62,BAJO,NO,SI,NO,nombre_legacy:Administrador,"r = V.validate_for_explorer(""SELECT 1"", user_role=""Administrador"")"
backend,backend/tests/test_rbac_p1_hardening_gates.py,65,BAJO,NO,SI,NO,nombre_legacy:Usuario,"r = V.validate_for_explorer(""SELECT 1"", user_role=""Usuario"")"
backend,backend/tests/test_rbac_p1_hardening_gates.py,81,BAJO,NO,SI,NO,nombre_legacy:Administrador,"'role == ""Administrador""',"
backend,backend/tests/test_rbac_p1_hardening_gates.py,82,BAJO,NO,SI,NO,nombre_legacy:Administrador,"'role != ""Administrador""',"
backend,backend/tests/test_rbac_p1_hardening_gates.py,83,BAJO,NO,SI,NO,nombre_legacy:Administrador|Supervisor,"'role not in [""Supervisor"", ""Administrador""]',"
backend,backend/tests/test_rbac_p1_hardening_gates.py,84,BAJO,NO,SI,NO,nombre_legacy:Supervisor,"'role == ""Supervisor""',"
backend,backend/tests/test_rbac_p1_hardening_gates.py,95,BAJO,SI,SI,NO,nombre_legacy:SuperAdministrador|Administrador,"assert ""if role in ['SuperAdministrador', 'Administrador']:"" not in src"
backend,backend/tests/test_rbac_p1_hardening_gates.py,96,BAJO,SI,SI,NO,nombre_legacy:SuperAdministrador|Administrador,"assert ""user_role not in ['Administrador', 'SuperAdministrador']"" not in src"
backend,backend/tests/test_rol_canonicidad_normalize_user.py,6,BAJO,NO,NO,NO,nombre_legacy:SuperAdministrador,"por igualdad contra el NombreRol legacy ('SuperAdministrador'). Con CodigoRol, esos"
backend,backend/tests/test_rol_canonicidad_normalize_user.py,37,BAJO,NO,NO,NO,nombre_legacy:SuperAdministrador,"u = _norm(""SUPERADMIN"", ""SuperAdministrador"")"
backend,backend/tests/test_rol_canonicidad_normalize_user.py,38,BAJO,SI,SI,NO,nombre_legacy:SuperAdministrador,"assert u[""role""] == ""SuperAdministrador""  # lo que esperan los guards legacy"
backend,backend/tests/test_rol_canonicidad_normalize_user.py,45,BAJO,NO,NO,NO,nombre_legacy:SuperAdministrador,"""SUPERADMIN"": ""SuperAdministrador"","
backend,backend/tests/test_rol_canonicidad_normalize_user.py,46,BAJO,NO,NO,NO,nombre_legacy:Administrador,"""ADMIN"": ""Administrador"","
backend,backend/tests/test_rol_canonicidad_normalize_user.py,47,BAJO,NO,NO,NO,nombre_legacy:Supervisor,"""SUPERVISOR"": ""Supervisor"","
backend,backend/tests/test_rol_canonicidad_normalize_user.py,48,BAJO,NO,NO,NO,nombre_legacy:Usuario,"""USUARIO"": ""Usuario"","
backend,backend/tests/test_rol_canonicidad_normalize_user.py,49,BAJO,NO,NO,NO,nombre_legacy:Visor,"""VISOR"": ""Visor"","
backend,backend/tests/test_rol_canonicidad_normalize_user.py,65,BAJO,SI,SI,NO,nombre_legacy:Usuario,"assert u[""role""] == ""Usuario"""
backend,backend/tests/test_sistema_tareas.py,34,BAJO,SI,SI,NO,nombre_legacy:Administrador,"assert data[""user""][""role""] == ""Administrador"""
backend,backend/tests/test_sistema_tareas.py,46,BAJO,SI,SI,NO,nombre_legacy:Supervisor,"assert data[""user""][""role""] == ""Supervisor"""
backend,backend/tests/test_sistema_tareas.py,206,BAJO,NO,SI,NO,nombre_legacy:Administrador,"test_user = next((u for u in usuarios if u[""role""] != ""Administrador""), None)"
backend,backend/tests/test_sucursales_permissions.py,74,BAJO,SI,SI,NO,nombre_legacy:Administrador,"assert data[""user""][""role""] == ""Administrador"""
backend,backend/tests/test_user_permissions.py,91,BAJO,SI,SI,NO,nombre_legacy:Administrador,"assert data[""user""][""role""] == ""Administrador"""
backend,backend/tests/test_user_permissions.py,228,BAJO,SI,SI,NO,nombre_legacy:Administrador,"if user_data.get(""role"") != ""Administrador"":"
backend,backend/tests/test_user_permissions.py,247,BAJO,NO,SI,NO,nombre_legacy:Administrador,"non_admin_user = next((u for u in users if u.get(""role"") != ""Administrador""), None)"
frontend,frontend/src/components/ModalSolicitudCatalogo.jsx,31,BAJO,NO,NO,NO,nombre_legacy:Supervisor,"opciones: ['Operativo', 'Supervisor', 'Gerencial', 'Directivo'] }"
frontend,frontend/src/components/ModalSolicitudCatalogo.jsx,47,BAJO,NO,NO,NO,nombre_legacy:Dirección,"{ id: 'direccion', label: 'Dirección', tipo: 'text', requerido: false },"
frontend,frontend/src/components/admin/RolesList.jsx,13,BAJO,NO,NO,NO,nombre_legacy:Administrador,"{ id: 1, nombre_rol: 'Administrador', activo: true, permisos: ['all'] },"
frontend,frontend/src/components/admin/RolesList.jsx,14,BAJO,NO,NO,NO,nombre_legacy:Usuario,"{ id: 2, nombre_rol: 'Usuario', activo: true, permisos: ['read'] },"
frontend,frontend/src/components/admin/RolesList.jsx,15,BAJO,NO,NO,NO,nombre_legacy:Supervisor,"{ id: 3, nombre_rol: 'Supervisor', activo: true, permisos: ['read', 'write'] }"
frontend,frontend/src/components/fase2_operativo/ResponsabilidadAccionesModal.jsx,80,BAJO,NO,NO,NO,nombre_legacy:Supervisor,"{ value: 'SUPERVISOR', label: 'Supervisor' },"
frontend,frontend/src/components/fase2_operativo/ResponsabilidadAccionesModal.jsx,82,BAJO,NO,NO,NO,nombre_legacy:Dirección,"{ value: 'DIRECCION', label: 'Dirección' }"
frontend,frontend/src/config/enterpriseMenuConfig.js,153,BAJO,NO,NO,NO,nombre_legacy:Dirección,"section: ""Dirección"","
frontend,frontend/src/contexts/AuthContext.jsx,200,BAJO,NO,NO,NO,nombre_legacy:Administrador|Supervisor|Usuario,"const roles = ['Usuario', 'Supervisor', 'Administrador'];"
frontend,frontend/src/lib/auth.js,42,BAJO,NO,NO,NO,nombre_legacy:SuperAdministrador|Administrador|Supervisor|Usuario,"const roles = ['Usuario', 'Supervisor', 'Administrador', 'SuperAdministrador'];"
frontend,frontend/src/pages/Layout.js,272,BAJO,NO,NO,NO,nombre_legacy:Administrador|Supervisor|Usuario,"roles: ['Usuario', 'Supervisor', 'Administrador'],"
frontend,frontend/src/pages/Layout.js,278,BAJO,NO,NO,NO,nombre_legacy:Administrador|Supervisor,"roles: ['Supervisor', 'Administrador'],"
frontend,frontend/src/pages/Layout.js,284,BAJO,NO,NO,NO,nombre_legacy:Administrador|Supervisor|Usuario,"roles: ['Usuario', 'Supervisor', 'Administrador'],"
frontend,frontend/src/pages/Layout.js,290,BAJO,NO,NO,NO,nombre_legacy:Administrador|Supervisor|Usuario,"roles: ['Usuario', 'Supervisor', 'Administrador']"
frontend,frontend/src/pages/Layout.js,296,BAJO,NO,NO,NO,nombre_legacy:Administrador|Supervisor|Usuario,"roles: ['Usuario', 'Supervisor', 'Administrador']"
frontend,frontend/src/pages/Layout.js,302,BAJO,NO,NO,NO,nombre_legacy:Administrador|Supervisor|Usuario,"roles: ['Usuario', 'Supervisor', 'Administrador']"
frontend,frontend/src/pages/Layout.js,308,BAJO,NO,NO,NO,nombre_legacy:Administrador|Supervisor|Usuario,"roles: ['Usuario', 'Supervisor', 'Administrador']"
frontend,frontend/src/pages/Layout.js,316,BAJO,NO,NO,NO,nombre_legacy:Administrador|Supervisor|Usuario,"roles: ['Usuario', 'Supervisor', 'Administrador'],"
frontend,frontend/src/pages/Layout.js,322,BAJO,NO,NO,NO,nombre_legacy:Administrador|Supervisor|Usuario,"roles: ['Usuario', 'Supervisor', 'Administrador']"
frontend,frontend/src/pages/Layout.js,328,BAJO,NO,NO,NO,nombre_legacy:Administrador|Supervisor|Usuario,"roles: ['Usuario', 'Supervisor', 'Administrador']"
frontend,frontend/src/pages/Layout.js,334,BAJO,NO,NO,NO,nombre_legacy:Administrador|Supervisor|Usuario,"roles: ['Usuario', 'Supervisor', 'Administrador']"
frontend,frontend/src/pages/Layout.js,340,BAJO,NO,NO,NO,nombre_legacy:Administrador|Supervisor|Usuario,"roles: ['Usuario', 'Supervisor', 'Administrador']"
frontend,frontend/src/pages/Layout.js,346,BAJO,NO,NO,NO,nombre_legacy:Administrador|Supervisor|Usuario,"roles: ['Usuario', 'Supervisor', 'Administrador']"
frontend,frontend/src/pages/Layout.js,352,BAJO,NO,NO,NO,nombre_legacy:Administrador|Supervisor|Usuario,"roles: ['Usuario', 'Supervisor', 'Administrador']"
frontend,frontend/src/pages/Layout.js,358,BAJO,NO,NO,NO,nombre_legacy:Administrador|Supervisor|Usuario,"roles: ['Usuario', 'Supervisor', 'Administrador']"
frontend,frontend/src/pages/Layout.js,364,BAJO,NO,NO,NO,nombre_legacy:Administrador|Supervisor|Usuario,"roles: ['Usuario', 'Supervisor', 'Administrador']"
frontend,frontend/src/pages/Layout.js,370,BAJO,NO,NO,NO,nombre_legacy:Administrador|Supervisor|Usuario,"roles: ['Usuario', 'Supervisor', 'Administrador']"
frontend,frontend/src/pages/Layout.js,376,BAJO,NO,NO,NO,nombre_legacy:Administrador|Supervisor|Usuario,"roles: ['Usuario', 'Supervisor', 'Administrador']"
frontend,frontend/src/pages/Layout.js,382,BAJO,NO,NO,NO,nombre_legacy:Administrador|Supervisor|Usuario,"roles: ['Usuario', 'Supervisor', 'Administrador']"
frontend,frontend/src/pages/Layout.js,388,BAJO,NO,NO,NO,nombre_legacy:Administrador|Supervisor|Usuario,"roles: ['Usuario', 'Supervisor', 'Administrador']"
frontend,frontend/src/pages/Layout.js,394,BAJO,NO,NO,NO,nombre_legacy:Administrador|Supervisor|Usuario,"roles: ['Usuario', 'Supervisor', 'Administrador']"
frontend,frontend/src/pages/Layout.js,400,BAJO,NO,NO,NO,nombre_legacy:Administrador|Supervisor,"roles: ['Supervisor', 'Administrador']"
frontend,frontend/src/pages/Layout.js,408,BAJO,NO,NO,NO,nombre_legacy:Administrador|Supervisor|Usuario,"roles: ['Usuario', 'Supervisor', 'Administrador'],"
frontend,frontend/src/pages/Layout.js,414,BAJO,NO,NO,NO,nombre_legacy:Administrador|Supervisor|Usuario,"roles: ['Usuario', 'Supervisor', 'Administrador'],"
frontend,frontend/src/pages/Layout.js,420,BAJO,NO,NO,NO,nombre_legacy:Administrador|Supervisor,"roles: ['Supervisor', 'Administrador'],"
frontend,frontend/src/pages/Layout.js,427,BAJO,NO,NO,NO,nombre_legacy:Administrador|Supervisor|Usuario,"roles: ['Usuario', 'Supervisor', 'Administrador'],"
frontend,frontend/src/pages/Layout.js,433,BAJO,NO,NO,NO,nombre_legacy:Administrador|Supervisor|Usuario,"roles: ['Usuario', 'Supervisor', 'Administrador']"
frontend,frontend/src/pages/Layout.js,439,BAJO,NO,NO,NO,nombre_legacy:Administrador|Supervisor|Usuario,"roles: ['Usuario', 'Supervisor', 'Administrador']"
frontend,frontend/src/pages/Layout.js,445,BAJO,NO,NO,NO,nombre_legacy:Administrador|Supervisor,"roles: ['Operador', 'Supervisor', 'Administrador']"
frontend,frontend/src/pages/Layout.js,451,BAJO,NO,NO,NO,nombre_legacy:Administrador|Supervisor|Usuario,"roles: ['Usuario', 'Supervisor', 'Administrador']"
frontend,frontend/src/pages/Layout.js,459,BAJO,NO,NO,NO,nombre_legacy:Administrador|Supervisor|Usuario,"roles: ['Usuario', 'Supervisor', 'Administrador'],"
frontend,frontend/src/pages/Layout.js,465,BAJO,NO,NO,NO,nombre_legacy:Administrador|Supervisor|Usuario,"roles: ['Usuario', 'Supervisor', 'Administrador']"
frontend,frontend/src/pages/Layout.js,471,BAJO,NO,NO,NO,nombre_legacy:Administrador|Supervisor|Usuario,"roles: ['Usuario', 'Supervisor', 'Administrador']"
frontend,frontend/src/pages/Layout.js,479,BAJO,NO,NO,NO,nombre_legacy:Administrador|Supervisor,"roles: ['Supervisor', 'Administrador'],"
frontend,frontend/src/pages/Layout.js,486,BAJO,NO,NO,NO,nombre_legacy:Administrador,roles: ['Administrador']
frontend,frontend/src/pages/Layout.js,494,BAJO,NO,NO,NO,nombre_legacy:Administrador|Supervisor,"roles: ['Supervisor', 'Administrador'],"
frontend,frontend/src/pages/Layout.js,501,BAJO,NO,NO,NO,nombre_legacy:Administrador|Supervisor,"roles: ['Supervisor', 'Administrador'],"
frontend,frontend/src/pages/Layout.js,510,BAJO,NO,NO,NO,nombre_legacy:SuperAdministrador|Administrador|Supervisor,"{ name: 'Centro de Control', href: '/centro-control', icon: Shield, roles: ['SuperAdministrador', 'SUPERADMIN', 'Administrador', 'ADMIN', 'Supervisor', 'Director'] },"
frontend,frontend/src/pages/Layout.js,511,BAJO,NO,NO,NO,nombre_legacy:SuperAdministrador|Administrador,"{ name: 'Servidores', href: '/servidores', icon: Server, roles: ['SuperAdministrador', 'SUPERADMIN', 'Administrador', 'ADMIN'] },"
frontend,frontend/src/pages/Layout.js,512,BAJO,NO,NO,NO,nombre_legacy:SuperAdministrador|Administrador|Supervisor,"{ name: 'Programación', href: '/scheduler', icon: Clock, roles: ['SuperAdministrador', 'SUPERADMIN', 'Administrador', 'ADMIN', 'Supervisor'] },"
frontend,frontend/src/pages/Layout.js,513,BAJO,NO,NO,NO,nombre_legacy:SuperAdministrador|Administrador|Supervisor,"{ name: 'Automatizaciones', href: '/automatizaciones', icon: CalendarCheck, roles: ['SuperAdministrador', 'SUPERADMIN', 'Administrador', 'ADMIN', 'Supervisor', 'Gerente', 'Director', 'Auditor'] },"
frontend,frontend/src/pages/Layout.js,514,BAJO,NO,NO,NO,nombre_legacy:SuperAdministrador|Administrador,"{ name: 'Asignaciones', href: '/configuracion/asignaciones', icon: UserCog, roles: ['SuperAdministrador', 'SUPERADMIN', 'Administrador', 'ADMIN'] },"
frontend,frontend/src/pages/Layout.js,515,BAJO,NO,NO,NO,nombre_legacy:SuperAdministrador|Administrador|Supervisor,"{ name: 'Catálogo SQL', href: '/catalogo-consultas', icon: Database, roles: ['SuperAdministrador', 'SUPERADMIN', 'Supervisor', 'Administrador', 'ADMIN'] },"
frontend,frontend/src/pages/Layout.js,516,BAJO,NO,NO,NO,nombre_legacy:SuperAdministrador|Administrador,"{ name: 'Explorador BD', href: '/explorador-bd', icon: TableProperties, roles: ['SuperAdministrador', 'SUPERADMIN', 'Administrador', 'ADMIN'] },"
frontend,frontend/src/pages/Layout.js,517,BAJO,NO,NO,NO,nombre_legacy:SuperAdministrador|Administrador|Supervisor,"{ name: 'Alertas', href: '/alertas', icon: Bell, roles: ['SuperAdministrador', 'SUPERADMIN', 'Supervisor', 'Administrador', 'ADMIN'] },"
frontend,frontend/src/pages/Layout.js,518,BAJO,NO,NO,NO,nombre_legacy:SuperAdministrador|Administrador,"{ name: 'Usuarios', href: '/usuarios', icon: Users, roles: ['SuperAdministrador', 'SUPERADMIN', 'Administrador', 'ADMIN'] },"
frontend,frontend/src/pages/Layout.js,519,BAJO,NO,NO,NO,nombre_legacy:SuperAdministrador|Administrador,"{ name: 'Config. Operativa', href: '/admin/configuracion-operativa', icon: Settings, roles: ['SuperAdministrador', 'SUPERADMIN', 'Administrador', 'ADMIN'] },"
frontend,frontend/src/pages/Layout.js,520,BAJO,NO,NO,NO,nombre_legacy:SuperAdministrador,"{ name: 'DBA Diagnóstico', href: '/admin/dba-credential', icon: Key, roles: ['SuperAdministrador', 'SUPERADMIN'] },"
frontend,frontend/src/pages/Nominas.js,33,BAJO,NO,NO,NO,nombre_legacy:Administrador|Supervisor,"'Gerencia': ['Administrador', 'Supervisor'],"
frontend,frontend/src/pages/Nominas.js,34,BAJO,NO,NO,NO,nombre_legacy:Administrador|Supervisor,"'RH': ['Administrador', 'Supervisor'],"
frontend,frontend/src/pages/Nominas.js,35,BAJO,NO,NO,NO,nombre_legacy:Administrador|Supervisor,"'Maquilador': ['Administrador', 'Supervisor', 'Maquilador'],"
frontend,frontend/src/pages/Nominas.js,36,BAJO,NO,NO,NO,nombre_legacy:Administrador,"'Tesorería': ['Administrador', 'Tesoreria'],"
frontend,frontend/src/pages/Nominas.js,37,BAJO,NO,NO,NO,nombre_legacy:Administrador,'Sistema': ['Administrador']
frontend,frontend/src/pages/Usuarios.js,570,BAJO,NO,NO,NO,nombre_legacy:SuperAdministrador,"'SuperAdministrador': 'bg-purple-100 text-purple-700 border-purple-200',"
frontend,frontend/src/pages/Usuarios.js,572,BAJO,NO,NO,NO,nombre_legacy:Administrador,"'Administrador': 'bg-red-100 text-red-700 border-red-200',"
frontend,frontend/src/pages/Usuarios.js,574,BAJO,NO,NO,NO,nombre_legacy:Supervisor,"'Supervisor': 'bg-blue-100 text-blue-700 border-blue-200',"
frontend,frontend/src/pages/Usuarios.js,576,BAJO,NO,NO,NO,nombre_legacy:Usuario,"'Usuario': 'bg-green-100 text-green-700 border-green-200',"
frontend,frontend/src/pages/Usuarios.js,592,BAJO,NO,NO,NO,nombre_legacy:Usuario,"'Usuario': 1,"
frontend,frontend/src/pages/Usuarios.js,594,BAJO,NO,NO,NO,nombre_legacy:Supervisor,"'Supervisor': 2,"
frontend,frontend/src/pages/Usuarios.js,596,BAJO,NO,NO,NO,nombre_legacy:Administrador,"'Administrador': 3,"
frontend,frontend/src/pages/Usuarios.js,599,BAJO,NO,NO,NO,nombre_legacy:SuperAdministrador,"'SuperAdministrador': 100,"
frontend,frontend/src/pages/Usuarios.js,1780,BAJO,NO,NO,NO,nombre_legacy:Usuario,"<SelectItem value=""Usuario"">Usuario</SelectItem>"
frontend,frontend/src/pages/Usuarios.js,1781,BAJO,NO,NO,NO,nombre_legacy:Supervisor,"<SelectItem value=""Supervisor"">Supervisor</SelectItem>"
frontend,frontend/src/pages/Usuarios.js,1782,BAJO,NO,NO,NO,nombre_legacy:Administrador,"<SelectItem value=""Administrador"">Administrador</SelectItem>"
frontend,frontend/src/pages/comercial/PricingIACharts.jsx,281,BAJO,NO,NO,NO,nombre_legacy:Usuario,"['Fecha', 'Producto', 'Tipo', 'Confianza', 'Revisión', 'Precio Actual', 'Precio Sugerido', 'Usuario'],"
frontend,frontend/src/utils/styleHelpers.js,61,BAJO,NO,NO,NO,nombre_legacy:Administrador,"'Administrador': 'bg-red-100',"
frontend,frontend/src/utils/styleHelpers.js,62,BAJO,NO,NO,NO,nombre_legacy:SuperAdministrador,"'SuperAdministrador': 'bg-purple-100',"
frontend,frontend/src/utils/styleHelpers.js,63,BAJO,NO,NO,NO,nombre_legacy:Supervisor,"'Supervisor': 'bg-blue-100',"
